MarketId|MarketName|MarketSymbol|ContractName|ContractSymbol|Date|OpenPrice|LowPrice|HighPrice|ClosePrice|Volume
2918|Will Elizabeth Warren be re-elected to the U.S. Senate in Massachusetts in 2018?|WARREN.MASENATE.2018|n/a|n/a|2017-01-27|0.79|0.71|0.86|0.74|1102
2918|Will Elizabeth Warren be re-elected to the U.S. Senate in Massachusetts in 2018?|WARREN.MASENATE.2018|n/a|n/a|2017-01-28|0.74|0.74|0.78|0.78|1010
2918|Will Elizabeth Warren be re-elected to the U.S. Senate in Massachusetts in 2018?|WARREN.MASENATE.2018|n/a|n/a|2017-01-29|0.78|0.76|0.78|0.77|581
2918|Will Elizabeth Warren be re-elected to the U.S. Senate in Massachusetts in 2018?|WARREN.MASENATE.2018|n/a|n/a|2017-01-30|0.77|0.76|0.78|0.78|631
2918|Will Elizabeth Warren be re-elected to the U.S. Senate in Massachusetts in 2018?|WARREN.MASENATE.2018|n/a|n/a|2017-01-31|0.78|0.77|0.81|0.81|1378
2918|Will Elizabeth Warren be re-elected to the U.S. Senate in Massachusetts in 2018?|WARREN.MASENATE.2018|n/a|n/a|2017-02-01|0.81|0.79|0.82|0.8|768
2918|Will Elizabeth Warren be re-elected to the U.S. Senate in Massachusetts in 2018?|WARREN.MASENATE.2018|n/a|n/a|2017-02-02|0.8|0.79|0.8|0.79|50
2918|Will Elizabeth Warren be re-elected to the U.S. Senate in Massachusetts in 2018?|WARREN.MASENATE.2018|n/a|n/a|2017-02-03|0.79|0.78|0.8|0.78|592
2918|Will Elizabeth Warren be re-elected to the U.S. Senate in Massachusetts in 2018?|WARREN.MASENATE.2018|n/a|n/a|2017-02-04|0.78|0.78|0.79|0.79|10
2918|Will Elizabeth Warren be re-elected to the U.S. Senate in Massachusetts in 2018?|WARREN.MASENATE.2018|n/a|n/a|2017-02-05|0.79|0.79|0.8|0.8|6
2918|Will Elizabeth Warren be re-elected to the U.S. Senate in Massachusetts in 2018?|WARREN.MASENATE.2018|n/a|n/a|2017-02-06|0.8|0.77|0.8|0.79|1188
2918|Will Elizabeth Warren be re-elected to the U.S. Senate in Massachusetts in 2018?|WARREN.MASENATE.2018|n/a|n/a|2017-02-07|0.79|0.75|0.8|0.75|2395
2918|Will Elizabeth Warren be re-elected to the U.S. Senate in Massachusetts in 2018?|WARREN.MASENATE.2018|n/a|n/a|2017-02-08|0.75|0.75|0.78|0.77|114
2918|Will Elizabeth Warren be re-elected to the U.S. Senate in Massachusetts in 2018?|WARREN.MASENATE.2018|n/a|n/a|2017-02-09|0.77|0.76|0.78|0.76|560
2918|Will Elizabeth Warren be re-elected to the U.S. Senate in Massachusetts in 2018?|WARREN.MASENATE.2018|n/a|n/a|2017-02-10|0.76|0.76|0.78|0.76|151
2918|Will Elizabeth Warren be re-elected to the U.S. Senate in Massachusetts in 2018?|WARREN.MASENATE.2018|n/a|n/a|2017-02-11|0.76|0.76|0.78|0.76|185
2918|Will Elizabeth Warren be re-elected to the U.S. Senate in Massachusetts in 2018?|WARREN.MASENATE.2018|n/a|n/a|2017-02-12|0.76|0.76|0.78|0.78|95
2918|Will Elizabeth Warren be re-elected to the U.S. Senate in Massachusetts in 2018?|WARREN.MASENATE.2018|n/a|n/a|2017-02-13|0.78|0.76|0.79|0.76|1840
2918|Will Elizabeth Warren be re-elected to the U.S. Senate in Massachusetts in 2018?|WARREN.MASENATE.2018|n/a|n/a|2017-02-14|0.76|0.76|0.8|0.8|165
2918|Will Elizabeth Warren be re-elected to the U.S. Senate in Massachusetts in 2018?|WARREN.MASENATE.2018|n/a|n/a|2017-02-15|0.8|0.77|0.8|0.77|366
2918|Will Elizabeth Warren be re-elected to the U.S. Senate in Massachusetts in 2018?|WARREN.MASENATE.2018|n/a|n/a|2017-02-16|0.77|0.77|0.79|0.79|457
2918|Will Elizabeth Warren be re-elected to the U.S. Senate in Massachusetts in 2018?|WARREN.MASENATE.2018|n/a|n/a|2017-02-17|0.79|0.77|0.8|0.77|132
2918|Will Elizabeth Warren be re-elected to the U.S. Senate in Massachusetts in 2018?|WARREN.MASENATE.2018|n/a|n/a|2017-02-18|0.77|0.77|0.8|0.77|169
2918|Will Elizabeth Warren be re-elected to the U.S. Senate in Massachusetts in 2018?|WARREN.MASENATE.2018|n/a|n/a|2017-02-19|0.77|0.77|0.81|0.81|520
2918|Will Elizabeth Warren be re-elected to the U.S. Senate in Massachusetts in 2018?|WARREN.MASENATE.2018|n/a|n/a|2017-02-20|0.81|0.77|0.81|0.77|1
2918|Will Elizabeth Warren be re-elected to the U.S. Senate in Massachusetts in 2018?|WARREN.MASENATE.2018|n/a|n/a|2017-02-21|0.77|0.77|0.79|0.77|5
2918|Will Elizabeth Warren be re-elected to the U.S. Senate in Massachusetts in 2018?|WARREN.MASENATE.2018|n/a|n/a|2017-02-22|0.77|0.77|0.8|0.8|33
2918|Will Elizabeth Warren be re-elected to the U.S. Senate in Massachusetts in 2018?|WARREN.MASENATE.2018|n/a|n/a|2017-02-23|0.8|0.77|0.82|0.82|367
2918|Will Elizabeth Warren be re-elected to the U.S. Senate in Massachusetts in 2018?|WARREN.MASENATE.2018|n/a|n/a|2017-02-24|0.82|0.78|0.82|0.78|728
2918|Will Elizabeth Warren be re-elected to the U.S. Senate in Massachusetts in 2018?|WARREN.MASENATE.2018|n/a|n/a|2017-02-25|0.78|0.78|0.79|0.78|312
2918|Will Elizabeth Warren be re-elected to the U.S. Senate in Massachusetts in 2018?|WARREN.MASENATE.2018|n/a|n/a|2017-02-26|0.78|0.78|0.81|0.78|27
2918|Will Elizabeth Warren be re-elected to the U.S. Senate in Massachusetts in 2018?|WARREN.MASENATE.2018|n/a|n/a|2017-02-27|0.78|0.78|0.81|0.81|12
2918|Will Elizabeth Warren be re-elected to the U.S. Senate in Massachusetts in 2018?|WARREN.MASENATE.2018|n/a|n/a|2017-02-28|0.81|0.78|0.81|0.78|3
2918|Will Elizabeth Warren be re-elected to the U.S. Senate in Massachusetts in 2018?|WARREN.MASENATE.2018|n/a|n/a|2017-03-01|0.78|0.78|0.81|0.78|111
2918|Will Elizabeth Warren be re-elected to the U.S. Senate in Massachusetts in 2018?|WARREN.MASENATE.2018|n/a|n/a|2017-03-02|0.78|0.78|0.81|0.79|233
2918|Will Elizabeth Warren be re-elected to the U.S. Senate in Massachusetts in 2018?|WARREN.MASENATE.2018|n/a|n/a|2017-03-03|0.79|0.79|0.81|0.81|11
2918|Will Elizabeth Warren be re-elected to the U.S. Senate in Massachusetts in 2018?|WARREN.MASENATE.2018|n/a|n/a|2017-03-04|0.81|0.77|0.81|0.77|1247
2918|Will Elizabeth Warren be re-elected to the U.S. Senate in Massachusetts in 2018?|WARREN.MASENATE.2018|n/a|n/a|2017-03-05|0.77|0.77|0.79|0.79|50
2918|Will Elizabeth Warren be re-elected to the U.S. Senate in Massachusetts in 2018?|WARREN.MASENATE.2018|n/a|n/a|2017-03-06|0.79|0.79|0.82|0.82|1112
2918|Will Elizabeth Warren be re-elected to the U.S. Senate in Massachusetts in 2018?|WARREN.MASENATE.2018|n/a|n/a|2017-03-07|0.82|0.79|0.82|0.82|2
2918|Will Elizabeth Warren be re-elected to the U.S. Senate in Massachusetts in 2018?|WARREN.MASENATE.2018|n/a|n/a|2017-03-08|0.82|0.79|0.82|0.79|209
2918|Will Elizabeth Warren be re-elected to the U.S. Senate in Massachusetts in 2018?|WARREN.MASENATE.2018|n/a|n/a|2017-03-09|0.79|0.79|0.79|0.79|28
2918|Will Elizabeth Warren be re-elected to the U.S. Senate in Massachusetts in 2018?|WARREN.MASENATE.2018|n/a|n/a|2017-03-10|0.79|0.79|0.79|0.79|0
2918|Will Elizabeth Warren be re-elected to the U.S. Senate in Massachusetts in 2018?|WARREN.MASENATE.2018|n/a|n/a|2017-03-11|0.79|0.79|0.8|0.8|7
2918|Will Elizabeth Warren be re-elected to the U.S. Senate in Massachusetts in 2018?|WARREN.MASENATE.2018|n/a|n/a|2017-03-12|0.8|0.79|0.8|0.79|24
2918|Will Elizabeth Warren be re-elected to the U.S. Senate in Massachusetts in 2018?|WARREN.MASENATE.2018|n/a|n/a|2017-03-13|0.79|0.79|0.79|0.79|2
2918|Will Elizabeth Warren be re-elected to the U.S. Senate in Massachusetts in 2018?|WARREN.MASENATE.2018|n/a|n/a|2017-03-14|0.79|0.79|0.82|0.82|20
2918|Will Elizabeth Warren be re-elected to the U.S. Senate in Massachusetts in 2018?|WARREN.MASENATE.2018|n/a|n/a|2017-03-15|0.82|0.79|0.82|0.79|12
2918|Will Elizabeth Warren be re-elected to the U.S. Senate in Massachusetts in 2018?|WARREN.MASENATE.2018|n/a|n/a|2017-03-16|0.79|0.79|0.82|0.8|126
2918|Will Elizabeth Warren be re-elected to the U.S. Senate in Massachusetts in 2018?|WARREN.MASENATE.2018|n/a|n/a|2017-03-17|0.8|0.79|0.8|0.79|3
2918|Will Elizabeth Warren be re-elected to the U.S. Senate in Massachusetts in 2018?|WARREN.MASENATE.2018|n/a|n/a|2017-03-18|0.79|0.79|0.82|0.82|30
2918|Will Elizabeth Warren be re-elected to the U.S. Senate in Massachusetts in 2018?|WARREN.MASENATE.2018|n/a|n/a|2017-03-19|0.82|0.8|0.82|0.8|2
2918|Will Elizabeth Warren be re-elected to the U.S. Senate in Massachusetts in 2018?|WARREN.MASENATE.2018|n/a|n/a|2017-03-20|0.8|0.8|0.82|0.82|1
2918|Will Elizabeth Warren be re-elected to the U.S. Senate in Massachusetts in 2018?|WARREN.MASENATE.2018|n/a|n/a|2017-03-21|0.82|0.79|0.82|0.79|2
2918|Will Elizabeth Warren be re-elected to the U.S. Senate in Massachusetts in 2018?|WARREN.MASENATE.2018|n/a|n/a|2017-03-22|0.79|0.79|0.85|0.8|1041
2918|Will Elizabeth Warren be re-elected to the U.S. Senate in Massachusetts in 2018?|WARREN.MASENATE.2018|n/a|n/a|2017-03-23|0.8|0.8|0.83|0.81|135
2918|Will Elizabeth Warren be re-elected to the U.S. Senate in Massachusetts in 2018?|WARREN.MASENATE.2018|n/a|n/a|2017-03-24|0.81|0.8|0.82|0.82|200
2918|Will Elizabeth Warren be re-elected to the U.S. Senate in Massachusetts in 2018?|WARREN.MASENATE.2018|n/a|n/a|2017-03-25|0.82|0.8|0.82|0.8|13
2918|Will Elizabeth Warren be re-elected to the U.S. Senate in Massachusetts in 2018?|WARREN.MASENATE.2018|n/a|n/a|2017-03-26|0.8|0.8|0.8|0.8|21
2918|Will Elizabeth Warren be re-elected to the U.S. Senate in Massachusetts in 2018?|WARREN.MASENATE.2018|n/a|n/a|2017-03-27|0.8|0.79|0.82|0.82|64
2918|Will Elizabeth Warren be re-elected to the U.S. Senate in Massachusetts in 2018?|WARREN.MASENATE.2018|n/a|n/a|2017-03-28|0.82|0.8|0.82|0.8|34
2918|Will Elizabeth Warren be re-elected to the U.S. Senate in Massachusetts in 2018?|WARREN.MASENATE.2018|n/a|n/a|2017-03-29|0.8|0.8|0.82|0.8|90
2918|Will Elizabeth Warren be re-elected to the U.S. Senate in Massachusetts in 2018?|WARREN.MASENATE.2018|n/a|n/a|2017-03-30|0.8|0.8|0.82|0.82|21
2918|Will Elizabeth Warren be re-elected to the U.S. Senate in Massachusetts in 2018?|WARREN.MASENATE.2018|n/a|n/a|2017-03-31|0.82|0.79|0.82|0.79|2
2918|Will Elizabeth Warren be re-elected to the U.S. Senate in Massachusetts in 2018?|WARREN.MASENATE.2018|n/a|n/a|2017-04-01|0.79|0.79|0.83|0.83|76
2918|Will Elizabeth Warren be re-elected to the U.S. Senate in Massachusetts in 2018?|WARREN.MASENATE.2018|n/a|n/a|2017-04-02|0.83|0.83|0.85|0.85|1008
2918|Will Elizabeth Warren be re-elected to the U.S. Senate in Massachusetts in 2018?|WARREN.MASENATE.2018|n/a|n/a|2017-04-03|0.85|0.82|0.85|0.82|503
2918|Will Elizabeth Warren be re-elected to the U.S. Senate in Massachusetts in 2018?|WARREN.MASENATE.2018|n/a|n/a|2017-04-04|0.82|0.82|0.85|0.85|5
2918|Will Elizabeth Warren be re-elected to the U.S. Senate in Massachusetts in 2018?|WARREN.MASENATE.2018|n/a|n/a|2017-04-05|0.85|0.82|0.85|0.82|193
2918|Will Elizabeth Warren be re-elected to the U.S. Senate in Massachusetts in 2018?|WARREN.MASENATE.2018|n/a|n/a|2017-04-06|0.82|0.82|0.82|0.82|0
2918|Will Elizabeth Warren be re-elected to the U.S. Senate in Massachusetts in 2018?|WARREN.MASENATE.2018|n/a|n/a|2017-04-07|0.82|0.82|0.84|0.84|1
2918|Will Elizabeth Warren be re-elected to the U.S. Senate in Massachusetts in 2018?|WARREN.MASENATE.2018|n/a|n/a|2017-04-08|0.84|0.82|0.84|0.82|210
2918|Will Elizabeth Warren be re-elected to the U.S. Senate in Massachusetts in 2018?|WARREN.MASENATE.2018|n/a|n/a|2017-04-09|0.82|0.82|0.84|0.83|2
2918|Will Elizabeth Warren be re-elected to the U.S. Senate in Massachusetts in 2018?|WARREN.MASENATE.2018|n/a|n/a|2017-04-10|0.83|0.83|0.85|0.85|1
2918|Will Elizabeth Warren be re-elected to the U.S. Senate in Massachusetts in 2018?|WARREN.MASENATE.2018|n/a|n/a|2017-04-11|0.85|0.83|0.87|0.83|301
2918|Will Elizabeth Warren be re-elected to the U.S. Senate in Massachusetts in 2018?|WARREN.MASENATE.2018|n/a|n/a|2017-04-12|0.83|0.82|0.84|0.82|68
2918|Will Elizabeth Warren be re-elected to the U.S. Senate in Massachusetts in 2018?|WARREN.MASENATE.2018|n/a|n/a|2017-04-13|0.82|0.82|0.84|0.84|293
2918|Will Elizabeth Warren be re-elected to the U.S. Senate in Massachusetts in 2018?|WARREN.MASENATE.2018|n/a|n/a|2017-04-14|0.84|0.84|0.88|0.86|1803
2918|Will Elizabeth Warren be re-elected to the U.S. Senate in Massachusetts in 2018?|WARREN.MASENATE.2018|n/a|n/a|2017-04-15|0.86|0.86|0.88|0.88|150
2918|Will Elizabeth Warren be re-elected to the U.S. Senate in Massachusetts in 2018?|WARREN.MASENATE.2018|n/a|n/a|2017-04-16|0.88|0.88|0.88|0.88|0
2918|Will Elizabeth Warren be re-elected to the U.S. Senate in Massachusetts in 2018?|WARREN.MASENATE.2018|n/a|n/a|2017-04-17|0.88|0.86|0.89|0.86|512
2918|Will Elizabeth Warren be re-elected to the U.S. Senate in Massachusetts in 2018?|WARREN.MASENATE.2018|n/a|n/a|2017-04-18|0.86|0.86|0.88|0.88|998
2918|Will Elizabeth Warren be re-elected to the U.S. Senate in Massachusetts in 2018?|WARREN.MASENATE.2018|n/a|n/a|2017-04-19|0.88|0.86|0.88|0.88|32
2918|Will Elizabeth Warren be re-elected to the U.S. Senate in Massachusetts in 2018?|WARREN.MASENATE.2018|n/a|n/a|2017-04-20|0.88|0.86|0.88|0.88|60
2918|Will Elizabeth Warren be re-elected to the U.S. Senate in Massachusetts in 2018?|WARREN.MASENATE.2018|n/a|n/a|2017-04-21|0.88|0.88|0.89|0.88|76
2918|Will Elizabeth Warren be re-elected to the U.S. Senate in Massachusetts in 2018?|WARREN.MASENATE.2018|n/a|n/a|2017-04-22|0.88|0.88|0.88|0.88|0
2918|Will Elizabeth Warren be re-elected to the U.S. Senate in Massachusetts in 2018?|WARREN.MASENATE.2018|n/a|n/a|2017-04-23|0.88|0.85|0.88|0.85|261
2918|Will Elizabeth Warren be re-elected to the U.S. Senate in Massachusetts in 2018?|WARREN.MASENATE.2018|n/a|n/a|2017-04-24|0.85|0.85|0.85|0.85|5
2918|Will Elizabeth Warren be re-elected to the U.S. Senate in Massachusetts in 2018?|WARREN.MASENATE.2018|n/a|n/a|2017-04-25|0.85|0.85|0.89|0.89|1511
2918|Will Elizabeth Warren be re-elected to the U.S. Senate in Massachusetts in 2018?|WARREN.MASENATE.2018|n/a|n/a|2017-04-26|0.89|0.86|0.89|0.86|2
2918|Will Elizabeth Warren be re-elected to the U.S. Senate in Massachusetts in 2018?|WARREN.MASENATE.2018|n/a|n/a|2017-04-27|0.86|0.86|0.88|0.88|5
2918|Will Elizabeth Warren be re-elected to the U.S. Senate in Massachusetts in 2018?|WARREN.MASENATE.2018|n/a|n/a|2017-04-28|0.88|0.86|0.88|0.86|11
2918|Will Elizabeth Warren be re-elected to the U.S. Senate in Massachusetts in 2018?|WARREN.MASENATE.2018|n/a|n/a|2017-04-29|0.86|0.86|0.86|0.86|27
2918|Will Elizabeth Warren be re-elected to the U.S. Senate in Massachusetts in 2018?|WARREN.MASENATE.2018|n/a|n/a|2017-04-30|0.86|0.86|0.86|0.86|3
2918|Will Elizabeth Warren be re-elected to the U.S. Senate in Massachusetts in 2018?|WARREN.MASENATE.2018|n/a|n/a|2017-05-01|0.86|0.86|0.88|0.88|1
2918|Will Elizabeth Warren be re-elected to the U.S. Senate in Massachusetts in 2018?|WARREN.MASENATE.2018|n/a|n/a|2017-05-02|0.88|0.86|0.88|0.86|18
2918|Will Elizabeth Warren be re-elected to the U.S. Senate in Massachusetts in 2018?|WARREN.MASENATE.2018|n/a|n/a|2017-05-03|0.86|0.86|0.88|0.88|290
2918|Will Elizabeth Warren be re-elected to the U.S. Senate in Massachusetts in 2018?|WARREN.MASENATE.2018|n/a|n/a|2017-05-04|0.88|0.88|0.88|0.88|2
2918|Will Elizabeth Warren be re-elected to the U.S. Senate in Massachusetts in 2018?|WARREN.MASENATE.2018|n/a|n/a|2017-05-05|0.88|0.88|0.88|0.88|1
2918|Will Elizabeth Warren be re-elected to the U.S. Senate in Massachusetts in 2018?|WARREN.MASENATE.2018|n/a|n/a|2017-05-06|0.88|0.88|0.88|0.88|101
2918|Will Elizabeth Warren be re-elected to the U.S. Senate in Massachusetts in 2018?|WARREN.MASENATE.2018|n/a|n/a|2017-05-07|0.88|0.88|0.89|0.89|302
2918|Will Elizabeth Warren be re-elected to the U.S. Senate in Massachusetts in 2018?|WARREN.MASENATE.2018|n/a|n/a|2017-05-08|0.89|0.88|0.9|0.9|419
2918|Will Elizabeth Warren be re-elected to the U.S. Senate in Massachusetts in 2018?|WARREN.MASENATE.2018|n/a|n/a|2017-05-09|0.9|0.88|0.9|0.88|45
2918|Will Elizabeth Warren be re-elected to the U.S. Senate in Massachusetts in 2018?|WARREN.MASENATE.2018|n/a|n/a|2017-05-10|0.88|0.88|0.89|0.89|10
2918|Will Elizabeth Warren be re-elected to the U.S. Senate in Massachusetts in 2018?|WARREN.MASENATE.2018|n/a|n/a|2017-05-11|0.89|0.89|0.9|0.89|117
2918|Will Elizabeth Warren be re-elected to the U.S. Senate in Massachusetts in 2018?|WARREN.MASENATE.2018|n/a|n/a|2017-05-12|0.89|0.88|0.9|0.9|907
2918|Will Elizabeth Warren be re-elected to the U.S. Senate in Massachusetts in 2018?|WARREN.MASENATE.2018|n/a|n/a|2017-05-13|0.9|0.89|0.9|0.89|11
2918|Will Elizabeth Warren be re-elected to the U.S. Senate in Massachusetts in 2018?|WARREN.MASENATE.2018|n/a|n/a|2017-05-14|0.89|0.88|0.9|0.88|2
2918|Will Elizabeth Warren be re-elected to the U.S. Senate in Massachusetts in 2018?|WARREN.MASENATE.2018|n/a|n/a|2017-05-15|0.88|0.88|0.9|0.9|14
2918|Will Elizabeth Warren be re-elected to the U.S. Senate in Massachusetts in 2018?|WARREN.MASENATE.2018|n/a|n/a|2017-05-16|0.9|0.87|0.9|0.87|164
2918|Will Elizabeth Warren be re-elected to the U.S. Senate in Massachusetts in 2018?|WARREN.MASENATE.2018|n/a|n/a|2017-05-17|0.87|0.87|0.89|0.89|12
2918|Will Elizabeth Warren be re-elected to the U.S. Senate in Massachusetts in 2018?|WARREN.MASENATE.2018|n/a|n/a|2017-05-18|0.89|0.87|0.89|0.87|51
2918|Will Elizabeth Warren be re-elected to the U.S. Senate in Massachusetts in 2018?|WARREN.MASENATE.2018|n/a|n/a|2017-05-19|0.87|0.87|0.88|0.87|113
2918|Will Elizabeth Warren be re-elected to the U.S. Senate in Massachusetts in 2018?|WARREN.MASENATE.2018|n/a|n/a|2017-05-20|0.87|0.87|0.88|0.88|25
2918|Will Elizabeth Warren be re-elected to the U.S. Senate in Massachusetts in 2018?|WARREN.MASENATE.2018|n/a|n/a|2017-05-21|0.88|0.87|0.88|0.87|900
2918|Will Elizabeth Warren be re-elected to the U.S. Senate in Massachusetts in 2018?|WARREN.MASENATE.2018|n/a|n/a|2017-05-22|0.87|0.87|0.87|0.87|0
2918|Will Elizabeth Warren be re-elected to the U.S. Senate in Massachusetts in 2018?|WARREN.MASENATE.2018|n/a|n/a|2017-05-23|0.87|0.87|0.88|0.88|1
2918|Will Elizabeth Warren be re-elected to the U.S. Senate in Massachusetts in 2018?|WARREN.MASENATE.2018|n/a|n/a|2017-05-24|0.88|0.87|0.88|0.87|14
2918|Will Elizabeth Warren be re-elected to the U.S. Senate in Massachusetts in 2018?|WARREN.MASENATE.2018|n/a|n/a|2017-05-25|0.87|0.87|0.87|0.87|1
2918|Will Elizabeth Warren be re-elected to the U.S. Senate in Massachusetts in 2018?|WARREN.MASENATE.2018|n/a|n/a|2017-05-26|0.87|0.87|0.88|0.88|3
2918|Will Elizabeth Warren be re-elected to the U.S. Senate in Massachusetts in 2018?|WARREN.MASENATE.2018|n/a|n/a|2017-05-27|0.88|0.88|0.88|0.88|0
2918|Will Elizabeth Warren be re-elected to the U.S. Senate in Massachusetts in 2018?|WARREN.MASENATE.2018|n/a|n/a|2017-05-28|0.88|0.88|0.88|0.88|5
2918|Will Elizabeth Warren be re-elected to the U.S. Senate in Massachusetts in 2018?|WARREN.MASENATE.2018|n/a|n/a|2017-05-29|0.88|0.88|0.88|0.88|0
2918|Will Elizabeth Warren be re-elected to the U.S. Senate in Massachusetts in 2018?|WARREN.MASENATE.2018|n/a|n/a|2017-05-30|0.88|0.88|0.88|0.88|0
2918|Will Elizabeth Warren be re-elected to the U.S. Senate in Massachusetts in 2018?|WARREN.MASENATE.2018|n/a|n/a|2017-05-31|0.88|0.88|0.88|0.88|0
2918|Will Elizabeth Warren be re-elected to the U.S. Senate in Massachusetts in 2018?|WARREN.MASENATE.2018|n/a|n/a|2017-06-01|0.88|0.88|0.88|0.88|0
2918|Will Elizabeth Warren be re-elected to the U.S. Senate in Massachusetts in 2018?|WARREN.MASENATE.2018|n/a|n/a|2017-06-02|0.88|0.88|0.88|0.88|0
2918|Will Elizabeth Warren be re-elected to the U.S. Senate in Massachusetts in 2018?|WARREN.MASENATE.2018|n/a|n/a|2017-06-03|0.88|0.88|0.88|0.88|0
2918|Will Elizabeth Warren be re-elected to the U.S. Senate in Massachusetts in 2018?|WARREN.MASENATE.2018|n/a|n/a|2017-06-04|0.88|0.86|0.88|0.86|40
2918|Will Elizabeth Warren be re-elected to the U.S. Senate in Massachusetts in 2018?|WARREN.MASENATE.2018|n/a|n/a|2017-06-05|0.86|0.86|0.86|0.86|0
2918|Will Elizabeth Warren be re-elected to the U.S. Senate in Massachusetts in 2018?|WARREN.MASENATE.2018|n/a|n/a|2017-06-06|0.86|0.86|0.86|0.86|0
2918|Will Elizabeth Warren be re-elected to the U.S. Senate in Massachusetts in 2018?|WARREN.MASENATE.2018|n/a|n/a|2017-06-07|0.86|0.86|0.86|0.86|0
2918|Will Elizabeth Warren be re-elected to the U.S. Senate in Massachusetts in 2018?|WARREN.MASENATE.2018|n/a|n/a|2017-06-08|0.86|0.86|0.86|0.86|0
2918|Will Elizabeth Warren be re-elected to the U.S. Senate in Massachusetts in 2018?|WARREN.MASENATE.2018|n/a|n/a|2017-06-09|0.86|0.86|0.86|0.86|0
2918|Will Elizabeth Warren be re-elected to the U.S. Senate in Massachusetts in 2018?|WARREN.MASENATE.2018|n/a|n/a|2017-06-10|0.86|0.86|0.88|0.86|301
2918|Will Elizabeth Warren be re-elected to the U.S. Senate in Massachusetts in 2018?|WARREN.MASENATE.2018|n/a|n/a|2017-06-11|0.86|0.86|0.86|0.86|0
2918|Will Elizabeth Warren be re-elected to the U.S. Senate in Massachusetts in 2018?|WARREN.MASENATE.2018|n/a|n/a|2017-06-12|0.86|0.86|0.9|0.9|1238
2918|Will Elizabeth Warren be re-elected to the U.S. Senate in Massachusetts in 2018?|WARREN.MASENATE.2018|n/a|n/a|2017-06-13|0.9|0.9|0.9|0.9|0
2918|Will Elizabeth Warren be re-elected to the U.S. Senate in Massachusetts in 2018?|WARREN.MASENATE.2018|n/a|n/a|2017-06-14|0.9|0.89|0.9|0.89|5
2918|Will Elizabeth Warren be re-elected to the U.S. Senate in Massachusetts in 2018?|WARREN.MASENATE.2018|n/a|n/a|2017-06-15|0.89|0.89|0.89|0.89|1
2918|Will Elizabeth Warren be re-elected to the U.S. Senate in Massachusetts in 2018?|WARREN.MASENATE.2018|n/a|n/a|2017-06-16|0.89|0.87|0.89|0.89|495
2918|Will Elizabeth Warren be re-elected to the U.S. Senate in Massachusetts in 2018?|WARREN.MASENATE.2018|n/a|n/a|2017-06-17|0.89|0.89|0.9|0.9|2
2918|Will Elizabeth Warren be re-elected to the U.S. Senate in Massachusetts in 2018?|WARREN.MASENATE.2018|n/a|n/a|2017-06-18|0.9|0.9|0.9|0.9|0
2918|Will Elizabeth Warren be re-elected to the U.S. Senate in Massachusetts in 2018?|WARREN.MASENATE.2018|n/a|n/a|2017-06-19|0.9|0.88|0.9|0.88|1
2918|Will Elizabeth Warren be re-elected to the U.S. Senate in Massachusetts in 2018?|WARREN.MASENATE.2018|n/a|n/a|2017-06-20|0.88|0.88|0.88|0.88|0
2918|Will Elizabeth Warren be re-elected to the U.S. Senate in Massachusetts in 2018?|WARREN.MASENATE.2018|n/a|n/a|2017-06-21|0.88|0.87|0.88|0.88|4
2918|Will Elizabeth Warren be re-elected to the U.S. Senate in Massachusetts in 2018?|WARREN.MASENATE.2018|n/a|n/a|2017-06-22|0.88|0.86|0.88|0.86|1500
2918|Will Elizabeth Warren be re-elected to the U.S. Senate in Massachusetts in 2018?|WARREN.MASENATE.2018|n/a|n/a|2017-06-23|0.86|0.86|0.86|0.86|0
2918|Will Elizabeth Warren be re-elected to the U.S. Senate in Massachusetts in 2018?|WARREN.MASENATE.2018|n/a|n/a|2017-06-24|0.86|0.86|0.9|0.9|1
2918|Will Elizabeth Warren be re-elected to the U.S. Senate in Massachusetts in 2018?|WARREN.MASENATE.2018|n/a|n/a|2017-06-25|0.9|0.9|0.9|0.9|0
2918|Will Elizabeth Warren be re-elected to the U.S. Senate in Massachusetts in 2018?|WARREN.MASENATE.2018|n/a|n/a|2017-06-26|0.9|0.86|0.9|0.86|1
2918|Will Elizabeth Warren be re-elected to the U.S. Senate in Massachusetts in 2018?|WARREN.MASENATE.2018|n/a|n/a|2017-06-27|0.86|0.86|0.86|0.86|0
2918|Will Elizabeth Warren be re-elected to the U.S. Senate in Massachusetts in 2018?|WARREN.MASENATE.2018|n/a|n/a|2017-06-28|0.86|0.86|0.86|0.86|6
2918|Will Elizabeth Warren be re-elected to the U.S. Senate in Massachusetts in 2018?|WARREN.MASENATE.2018|n/a|n/a|2017-06-29|0.86|0.86|0.89|0.89|122
2918|Will Elizabeth Warren be re-elected to the U.S. Senate in Massachusetts in 2018?|WARREN.MASENATE.2018|n/a|n/a|2017-06-30|0.89|0.89|0.89|0.89|0
2918|Will Elizabeth Warren be re-elected to the U.S. Senate in Massachusetts in 2018?|WARREN.MASENATE.2018|n/a|n/a|2017-07-01|0.89|0.86|0.89|0.86|10
2918|Will Elizabeth Warren be re-elected to the U.S. Senate in Massachusetts in 2018?|WARREN.MASENATE.2018|n/a|n/a|2017-07-02|0.86|0.86|0.86|0.86|0
2918|Will Elizabeth Warren be re-elected to the U.S. Senate in Massachusetts in 2018?|WARREN.MASENATE.2018|n/a|n/a|2017-07-03|0.86|0.86|0.86|0.86|0
2918|Will Elizabeth Warren be re-elected to the U.S. Senate in Massachusetts in 2018?|WARREN.MASENATE.2018|n/a|n/a|2017-07-04|0.86|0.86|0.88|0.88|88
2918|Will Elizabeth Warren be re-elected to the U.S. Senate in Massachusetts in 2018?|WARREN.MASENATE.2018|n/a|n/a|2017-07-05|0.88|0.85|0.88|0.85|1133
2918|Will Elizabeth Warren be re-elected to the U.S. Senate in Massachusetts in 2018?|WARREN.MASENATE.2018|n/a|n/a|2017-07-06|0.85|0.84|0.85|0.84|25
2918|Will Elizabeth Warren be re-elected to the U.S. Senate in Massachusetts in 2018?|WARREN.MASENATE.2018|n/a|n/a|2017-07-07|0.84|0.84|0.87|0.85|101
2918|Will Elizabeth Warren be re-elected to the U.S. Senate in Massachusetts in 2018?|WARREN.MASENATE.2018|n/a|n/a|2017-07-08|0.85|0.84|0.86|0.84|1396
2918|Will Elizabeth Warren be re-elected to the U.S. Senate in Massachusetts in 2018?|WARREN.MASENATE.2018|n/a|n/a|2017-07-09|0.84|0.84|0.84|0.84|154
2918|Will Elizabeth Warren be re-elected to the U.S. Senate in Massachusetts in 2018?|WARREN.MASENATE.2018|n/a|n/a|2017-07-10|0.84|0.84|0.87|0.87|765
2918|Will Elizabeth Warren be re-elected to the U.S. Senate in Massachusetts in 2018?|WARREN.MASENATE.2018|n/a|n/a|2017-07-11|0.87|0.87|0.87|0.87|0
2918|Will Elizabeth Warren be re-elected to the U.S. Senate in Massachusetts in 2018?|WARREN.MASENATE.2018|n/a|n/a|2017-07-12|0.87|0.87|0.87|0.87|0
2918|Will Elizabeth Warren be re-elected to the U.S. Senate in Massachusetts in 2018?|WARREN.MASENATE.2018|n/a|n/a|2017-07-13|0.87|0.87|0.88|0.87|92
2918|Will Elizabeth Warren be re-elected to the U.S. Senate in Massachusetts in 2018?|WARREN.MASENATE.2018|n/a|n/a|2017-07-14|0.87|0.85|0.87|0.85|168
2918|Will Elizabeth Warren be re-elected to the U.S. Senate in Massachusetts in 2018?|WARREN.MASENATE.2018|n/a|n/a|2017-07-15|0.85|0.85|0.85|0.85|143
2918|Will Elizabeth Warren be re-elected to the U.S. Senate in Massachusetts in 2018?|WARREN.MASENATE.2018|n/a|n/a|2017-07-16|0.85|0.85|0.85|0.85|0
2918|Will Elizabeth Warren be re-elected to the U.S. Senate in Massachusetts in 2018?|WARREN.MASENATE.2018|n/a|n/a|2017-07-17|0.85|0.84|0.85|0.84|1
2918|Will Elizabeth Warren be re-elected to the U.S. Senate in Massachusetts in 2018?|WARREN.MASENATE.2018|n/a|n/a|2017-07-18|0.84|0.84|0.86|0.86|100
2918|Will Elizabeth Warren be re-elected to the U.S. Senate in Massachusetts in 2018?|WARREN.MASENATE.2018|n/a|n/a|2017-07-19|0.86|0.86|0.86|0.86|0
2918|Will Elizabeth Warren be re-elected to the U.S. Senate in Massachusetts in 2018?|WARREN.MASENATE.2018|n/a|n/a|2017-07-20|0.86|0.86|0.88|0.88|100
2918|Will Elizabeth Warren be re-elected to the U.S. Senate in Massachusetts in 2018?|WARREN.MASENATE.2018|n/a|n/a|2017-07-21|0.88|0.88|0.88|0.88|1
2918|Will Elizabeth Warren be re-elected to the U.S. Senate in Massachusetts in 2018?|WARREN.MASENATE.2018|n/a|n/a|2017-07-22|0.88|0.88|0.88|0.88|1
2918|Will Elizabeth Warren be re-elected to the U.S. Senate in Massachusetts in 2018?|WARREN.MASENATE.2018|n/a|n/a|2017-07-23|0.88|0.88|0.88|0.88|0
2918|Will Elizabeth Warren be re-elected to the U.S. Senate in Massachusetts in 2018?|WARREN.MASENATE.2018|n/a|n/a|2017-07-24|0.88|0.88|0.88|0.88|0
2918|Will Elizabeth Warren be re-elected to the U.S. Senate in Massachusetts in 2018?|WARREN.MASENATE.2018|n/a|n/a|2017-07-25|0.88|0.82|0.88|0.82|949
2918|Will Elizabeth Warren be re-elected to the U.S. Senate in Massachusetts in 2018?|WARREN.MASENATE.2018|n/a|n/a|2017-07-26|0.82|0.82|0.87|0.87|52
2918|Will Elizabeth Warren be re-elected to the U.S. Senate in Massachusetts in 2018?|WARREN.MASENATE.2018|n/a|n/a|2017-07-27|0.87|0.87|0.87|0.87|1
2918|Will Elizabeth Warren be re-elected to the U.S. Senate in Massachusetts in 2018?|WARREN.MASENATE.2018|n/a|n/a|2017-07-28|0.87|0.85|0.9|0.85|1337
2918|Will Elizabeth Warren be re-elected to the U.S. Senate in Massachusetts in 2018?|WARREN.MASENATE.2018|n/a|n/a|2017-07-29|0.85|0.85|0.86|0.86|48
2918|Will Elizabeth Warren be re-elected to the U.S. Senate in Massachusetts in 2018?|WARREN.MASENATE.2018|n/a|n/a|2017-07-30|0.86|0.86|0.86|0.86|0
2918|Will Elizabeth Warren be re-elected to the U.S. Senate in Massachusetts in 2018?|WARREN.MASENATE.2018|n/a|n/a|2017-07-31|0.86|0.86|0.86|0.86|0
2918|Will Elizabeth Warren be re-elected to the U.S. Senate in Massachusetts in 2018?|WARREN.MASENATE.2018|n/a|n/a|2017-08-01|0.86|0.85|0.86|0.85|44
2918|Will Elizabeth Warren be re-elected to the U.S. Senate in Massachusetts in 2018?|WARREN.MASENATE.2018|n/a|n/a|2017-08-02|0.85|0.85|0.85|0.85|0
2918|Will Elizabeth Warren be re-elected to the U.S. Senate in Massachusetts in 2018?|WARREN.MASENATE.2018|n/a|n/a|2017-08-03|0.85|0.85|0.85|0.85|0
2918|Will Elizabeth Warren be re-elected to the U.S. Senate in Massachusetts in 2018?|WARREN.MASENATE.2018|n/a|n/a|2017-08-04|0.85|0.85|0.85|0.85|0
2918|Will Elizabeth Warren be re-elected to the U.S. Senate in Massachusetts in 2018?|WARREN.MASENATE.2018|n/a|n/a|2017-08-05|0.85|0.85|0.85|0.85|0
2918|Will Elizabeth Warren be re-elected to the U.S. Senate in Massachusetts in 2018?|WARREN.MASENATE.2018|n/a|n/a|2017-08-06|0.85|0.85|0.85|0.85|0
2918|Will Elizabeth Warren be re-elected to the U.S. Senate in Massachusetts in 2018?|WARREN.MASENATE.2018|n/a|n/a|2017-08-07|0.85|0.85|0.89|0.89|16
2918|Will Elizabeth Warren be re-elected to the U.S. Senate in Massachusetts in 2018?|WARREN.MASENATE.2018|n/a|n/a|2017-08-08|0.89|0.89|0.89|0.89|0
2918|Will Elizabeth Warren be re-elected to the U.S. Senate in Massachusetts in 2018?|WARREN.MASENATE.2018|n/a|n/a|2017-08-09|0.89|0.89|0.89|0.89|0
2918|Will Elizabeth Warren be re-elected to the U.S. Senate in Massachusetts in 2018?|WARREN.MASENATE.2018|n/a|n/a|2017-08-10|0.89|0.89|0.89|0.89|0
2918|Will Elizabeth Warren be re-elected to the U.S. Senate in Massachusetts in 2018?|WARREN.MASENATE.2018|n/a|n/a|2017-08-11|0.89|0.89|0.89|0.89|0
2918|Will Elizabeth Warren be re-elected to the U.S. Senate in Massachusetts in 2018?|WARREN.MASENATE.2018|n/a|n/a|2017-08-12|0.89|0.89|0.89|0.89|0
2918|Will Elizabeth Warren be re-elected to the U.S. Senate in Massachusetts in 2018?|WARREN.MASENATE.2018|n/a|n/a|2017-08-13|0.89|0.89|0.89|0.89|0
2918|Will Elizabeth Warren be re-elected to the U.S. Senate in Massachusetts in 2018?|WARREN.MASENATE.2018|n/a|n/a|2017-08-14|0.89|0.89|0.89|0.89|0
2918|Will Elizabeth Warren be re-elected to the U.S. Senate in Massachusetts in 2018?|WARREN.MASENATE.2018|n/a|n/a|2017-08-15|0.89|0.88|0.89|0.88|1
2918|Will Elizabeth Warren be re-elected to the U.S. Senate in Massachusetts in 2018?|WARREN.MASENATE.2018|n/a|n/a|2017-08-16|0.88|0.87|0.88|0.87|3
2918|Will Elizabeth Warren be re-elected to the U.S. Senate in Massachusetts in 2018?|WARREN.MASENATE.2018|n/a|n/a|2017-08-17|0.87|0.86|0.87|0.86|27
2918|Will Elizabeth Warren be re-elected to the U.S. Senate in Massachusetts in 2018?|WARREN.MASENATE.2018|n/a|n/a|2017-08-18|0.86|0.85|0.86|0.85|10
2918|Will Elizabeth Warren be re-elected to the U.S. Senate in Massachusetts in 2018?|WARREN.MASENATE.2018|n/a|n/a|2017-08-19|0.85|0.85|0.87|0.87|50
2918|Will Elizabeth Warren be re-elected to the U.S. Senate in Massachusetts in 2018?|WARREN.MASENATE.2018|n/a|n/a|2017-08-20|0.87|0.87|0.87|0.87|0
2918|Will Elizabeth Warren be re-elected to the U.S. Senate in Massachusetts in 2018?|WARREN.MASENATE.2018|n/a|n/a|2017-08-21|0.87|0.87|0.87|0.87|0
2918|Will Elizabeth Warren be re-elected to the U.S. Senate in Massachusetts in 2018?|WARREN.MASENATE.2018|n/a|n/a|2017-08-22|0.87|0.87|0.87|0.87|5
2918|Will Elizabeth Warren be re-elected to the U.S. Senate in Massachusetts in 2018?|WARREN.MASENATE.2018|n/a|n/a|2017-08-23|0.87|0.87|0.87|0.87|33
2918|Will Elizabeth Warren be re-elected to the U.S. Senate in Massachusetts in 2018?|WARREN.MASENATE.2018|n/a|n/a|2017-08-24|0.87|0.85|0.88|0.85|115
2918|Will Elizabeth Warren be re-elected to the U.S. Senate in Massachusetts in 2018?|WARREN.MASENATE.2018|n/a|n/a|2017-08-25|0.85|0.85|0.85|0.85|10
2918|Will Elizabeth Warren be re-elected to the U.S. Senate in Massachusetts in 2018?|WARREN.MASENATE.2018|n/a|n/a|2017-08-26|0.85|0.85|0.85|0.85|0
2918|Will Elizabeth Warren be re-elected to the U.S. Senate in Massachusetts in 2018?|WARREN.MASENATE.2018|n/a|n/a|2017-08-27|0.85|0.85|0.85|0.85|0
2918|Will Elizabeth Warren be re-elected to the U.S. Senate in Massachusetts in 2018?|WARREN.MASENATE.2018|n/a|n/a|2017-08-28|0.85|0.85|0.88|0.85|17
2918|Will Elizabeth Warren be re-elected to the U.S. Senate in Massachusetts in 2018?|WARREN.MASENATE.2018|n/a|n/a|2017-08-29|0.85|0.85|0.85|0.85|0
2918|Will Elizabeth Warren be re-elected to the U.S. Senate in Massachusetts in 2018?|WARREN.MASENATE.2018|n/a|n/a|2017-08-30|0.85|0.85|0.85|0.85|11
2918|Will Elizabeth Warren be re-elected to the U.S. Senate in Massachusetts in 2018?|WARREN.MASENATE.2018|n/a|n/a|2017-08-31|0.85|0.85|0.85|0.85|0
2918|Will Elizabeth Warren be re-elected to the U.S. Senate in Massachusetts in 2018?|WARREN.MASENATE.2018|n/a|n/a|2017-09-01|0.85|0.85|0.85|0.85|0
2918|Will Elizabeth Warren be re-elected to the